,0
0,USA/UT-UPHL-04340_2/2020
1,England/MILK-957AD6/2020
2,England/MILK-9572FC/2020
3,USA/UT-UPHL-2008829/2020
4,Wales/PHWC-16EF20/2020
5,England/BRIS-12899D/2020
6,England/BRIS-1269CC/2020
7,England/BRIS-126D57/2020
8,England/BRIS-125FF8/2020
9,Switzerland/BE-ETHZ-280109/2020
10,Switzerland/VD-ETHZ-280118/2020
11,Switzerland/BE-ETHZ-280130/2020
12,England/201380234/2020
13,England/BRIS-12524A/2020
14,England/BRIS-125C6A/2020
15,England/BRIS-125D0D/2020
16,England/BRIS-124982/2020
17,England/BRIS-124F26/2020
18,England/BRIS-125C5B/2020
19,England/BRIS-12582A/2020
20,England/BRIS-125259/2020
21,England/MILK-97679E/2020
22,England/MILK-957441/2020
23,England/MILK-9D5108/2020
24,England/MILK-9E1330/2020
25,Netherlands/ZH-EMC-301/2020
26,Netherlands/ZH-EMC-304/2020
27,England/QEUH-9DCB7C/2020
28,England/BRIS-1235CB/2020
29,England/BRIS-123534/2020
30,England/MILK-9AA51F/2020
31,England/BRIS-124885/2020
32,England/BRIS-128951/2020
33,England/BRIS-129808/2020
34,England/BRIS-128CEF/2020
35,England/203290061/2020
36,England/ALDP-94E3B9/2020
37,France/PAC-IHU-1270/2020
38,France/PAC-IHU-1353/2020
39,France/PAC-IHU-1348/2020
40,France/PAC-IHU-1586/2020
41,England/ALDP-9CBE86/2020
42,England/ALDP-A2FE70/2020
43,England/MILK-9748D9/2020
44,USA/VA-DCLS-0471/2020
45,Wales/PHWC-16F6DF/2020
46,England/MILK-9C4694/2020
47,England/MILK-9C463A/2020
48,USA/UT-08290/2020
49,USA/UT-08316/2020
50,USA/UT-08300/2020
51,USA/UT-08320/2020
52,Switzerland/SG-ETHZ-260173_994_D09/2020
53,Thailand/NIH-2720/2020
54,England/MILK-957FF5/2020
55,England/MILK-9588EA/2020
56,England/MILK-957F04/2020
57,England/MILK-95806A/2020
58,England/MILK-9584F5/2020
59,England/MILK-958B4B/2020
60,England/ALDP-95C28E/2020
61,USA/VA-DCLS-0799/2020
62,USA/VA-DCLS-0808/2020
63,USA/VA-DCLS-0801/2020
64,USA/VA-DCLS-0803/2020
65,USA/VA-DCLS-0807/2020
66,USA/VA-DCLS-0805/2020
67,England/QEUH-9B5274/2020
68,England/CAMB-1B4A66/2020
69,Shanghai/SH0106/2020
70,England/MILK-9F0C8E/2020
71,England/CAMB-1B5704/2020
72,England/MILK-95D88B/2020
73,England/BRIS-12E4A5/2020
74,England/BRIS-12EEC5/2020
75,England/ALDP-9501D8/2020
76,England/ALDP-94E8AB/2020
77,England/MILK-6438C7/2020
78,USA/UT-UPHL-03750/2020
79,USA/UT-UPHL-04340/2020
80,England/BRIS-12E6CD/2020
81,England/BRIS-1853908/2020
82,Singapore/653/2020
83,France/PAC-IHU-1014/2020
84,England/CAMB-1B51F7/2020
85,England/QEUH-7ADCFB/2020
86,England/MILK-95D85E/2020
87,England/MILK-95D8B8/2020
88,England/MILK-95D89A/2020
89,England/BRIS-1275E5/2020
90,England/BRIS-127EAE/2020
91,England/20149042204/2020
92,Belgium/UGent-68/2020
93,England/ALDP-90F3B4/2020
94,USA/UT-UPHL-2008963/2020
95,USA/UT-UPHL-2008964/2020
96,USA/UT-UPHL-2008983/2020
97,England/BRIS-121FFC/2020
98,England/BRIS-121F56/2020
99,England/BRIS-121F29/2020
100,England/BRIS-12231D/2020
101,England/QEUH-9BA901/2020
102,England/QEUH-9BAB1A/2020
103,Switzerland/ZH-ETHZ-250070/2020
104,Switzerland/BE-ETHZ-250136/2020
105,Scotland/QEUH-98F45F/2020
106,England/ALDP-9CCB24/2020
107,Guangdong/GD2020080-P0010/2020
108,England/ALDP-982C54/2020
109,SouthAfrica/LR00023/2020
110,SouthAfrica/LR00059/2020
111,SouthAfrica/LR00052/2020
112,England/MILK-958B3C/2020
113,England/MILK-9588CC/2020
114,England/MILK-9588F9/2020
115,England/MILK-958167/2020
116,France/OCC-64/2020
117,France/IDF-9135/2020
118,France/IDF-9137/2020
119,France/IDF-9230/2020
120,France/IDF-9143/2020
121,France/IDF-9144/2020
122,France/IDF-9175/2020
123,France/IDF-9191/2020
124,USA/TX-HMH-6100/2020
125,England/OXON-B088F/2020
126,England/CAMC-94AA9A/2020
127,USA/VA-DCLS-1434/2020
128,USA/VA-DCLS-1424/2020
129,England/SHEF-CABC5/2020
130,England/BRIS-130CA8/2020
131,England/BRIS-13040A/2020
132,England/BRIS-12FF85/2020
133,England/BRIS-12FFD0/2020
134,England/BRIS-12FDD6/2020
135,England/MILK-99DBB3/2020
136,England/MILK-9C1E17/2020
137,Scotland/CVR4153/2020
138,England/QEUH-9FA89F/2020
139,England/QEUH-9FA62C/2020
140,England/OXON-ACBE7/2020
141,England/MILK-992B18/2020
142,England/MILK-95705C/2020
143,Scotland/CVR4951/2020
144,USA/WA-S2896/2020
145,Uruguay/UY-7/2020
146,Uruguay/UY-8/2020
147,Wales/PHWC-16CBF1/2020
148,England/QEUH-9989DC/2020
149,Portugal/PT1086/2020
150,France/ARA-CDP29592/2020
151,USA/UT-UPHL-2009203/2020
152,USA/UT-UPHL-2009151/2020
153,England/CAMB-1B4037/2020
154,England/CAMB-1B5018/2020
155,England/CAMB-1B5036/2020
156,England/MILK-993625/2020
157,England/MILK-992899/2020
158,England/ALDP-9D9984/2020
159,USA/UT-UPHL-2009352/2020
160,USA/UT-UPHL-2009373/2020
161,USA/UT-UPHL-2008863/2020
162,USA/UT-UPHL-2008930/2020
163,USA/VA-DCLS-1448/2020
164,USA/VA-DCLS-1300/2020
165,USA/VA-DCLS-1447/2020
166,USA/VA-DCLS-1449/2020
167,USA/VA-DCLS-1451/2020
168,USA/VA-DCLS-1450/2020
169,USA/UT-UPHL-201004144/2020
170,England/NORT-2833FB/2020
171,England/BRIS-124858/2020
172,England/BRIS-1255AB/2020
173,England/BRIS-125C3D/2020
174,England/BRIS-12512F/2020
175,England/BRIS-12581B/2020
176,England/LIVE-A750C/2020
177,England/ALDP-95C7AD/2020
178,England/NOTT-10E854/2020
179,England/MILK-99E402/2020
180,SouthAfrica/LR00149/2020
181,USA/MA-MGH-00499/2020
182,England/MILK-848787/2020
183,Norway/3078/2020
184,Norway/3153/2020
185,England/BRIS-130DA5/2020
186,England/BRIS-130EEE/2020
187,Iran/7650/2020
188,France/IDF-9169/2020
189,France/IDF-9184/2020
190,France/IDF-9186/2020
191,England/BRIS-12230E/2020
192,England/BRIS-121F47/2020
193,England/QEUH-9625B9/2020
194,England/QEUH-96271D/2020
195,SaudiArabia/KAUST-JEDDAH1017/2020
196,SierraLeone/KGH-G-8627/2020
197,England/LIVE-99C44/2020
198,England/BRIS-130C8A/2020
199,Germany/NW-HHU-83/2020
200,England/MILK-99A12D/2020
201,France/PAC-IHU-1606/2020
202,England/BRIS-122C4F/2020
203,England/BRIS-12281E/2020
204,Wales/PHWC-16E737/2020
205,Wales/PHWC-16E70A/2020
206,Wales/PHWC-16E2EB/2020
207,England/MILK-86AA2C/2020
208,England/BRIS-121CC8/2020
209,England/BRIS-12193A/2020
210,England/BRIS-121B43/2020
211,England/ALDP-95C251/2020
212,England/20144003904/2020
213,Ireland/CN-NVRL-71IRL96106/2020
214,USA/TX-HMH-1478/2020
215,England/BRIS-12E00B/2020
216,England/BRIS-122939/2020
217,England/BRIS-1229EE/2020
218,England/BRIS-122957/2020
219,England/BRIS-1227C6/2020
220,Thailand/Bangkok-CONI-0147/2020
221,England/QEUH-95DEE3/2020
222,Switzerland/ZH-ETHZ-270047/2020
223,England/ALDP-9C5F3E/2020
224,USA/UT-01853/2020
225,England/MILK-576404/2020
226,England/MILK-56259F/2020
227,England/MILK-5768AE/2020
228,England/BRIS-12CE8B/2020
229,USA/FL-BPHL-1351/2020
230,England/MILK-9C1FAB/2020
231,England/MILK-9C21FF/2020
232,England/CAMC-942036/2020
233,England/CAMC-944F19/2020
234,USA/UT-02437/2020
235,Scotland/EDB6475/2020
236,England/ALDP-A2FE61/2020
237,England/MILK-9C403C/2020
238,England/CAMC-949F7E/2020
239,England/CAMC-94C351/2020
240,England/MILK-93EBD2/2020
241,England/MILK-93873E/2020
242,England/ALDP-5CC9A6/2020
243,England/QEUH-9B5326/2020
244,England/QEUH-9B5344/2020
245,England/ALDP-94F118/2020
246,England/MILK-9C4A3E/2020
247,England/MILK-9C4A5C/2020
248,USA/VA-DCLS-1452/2020
249,USA/VA-DCLS-1453/2020
250,USA/VA-DCLS-1383/2020
251,USA/VA-DCLS-1459/2020
252,USA/VA-DCLS-1455/2020
253,USA/VA-DCLS-1456/2020
254,USA/VA-DCLS-1454/2020
255,England/CAMB-1AC3C0/2020
256,England/QEUH-9CA634/2020
257,England/BRIS-12A245/2020
258,England/BRIS-12A333/2020
259,USA/MN-MDH-1685/2020
260,England/ALDP-94E51D/2020
261,England/ALDP-9DA060/2020
262,USA/MA-MGH-00622/2020
263,England/BRIS-12901F/2020
264,USA/TX-HMH-7733/2020
265,USA/TX-HMH-7686/2020
